Name,Gender,Grade 6,Total,Rank
,,CAS,0,32
,,4,4,2
,,4,4,2
,,4,4,2
,,4,4,2
,,3,3,10
,,3,3,10
,,4,4,2
,,4,4,2
,,3,3,10
,,3,3,10
,,3,3,10
,,3,3,10
,,3,3,10
,,3,3,10
,,4,4,2
,,3,3,10
,,3,3,10
,,3,3,10
,,3,3,10
,,3,3,10
,,3,3,10
,,3,3,10
,,2,2,28
,,3,3,10
,,3,3,10
,,2,2,28
,,2,2,28
,,2,2,28
,,87,87,1
,,3.107142857142857,3.107142857142857,9
,,3,3,10
,,Mr. Wekesa,0,32